Step,Test #,Start Time,End Time,Duration
DiscoverService,1,1470310371917,1470310373483,1566
DiscoverService,2,1470310373595,1470310374929,1334
DiscoverService,3,1470310374948,1470310375982,1034
DiscoverService,4,1470310376010,1470310376433,423
DiscoverService,5,1470310376465,1470310376879,414
DiscoverService,6,1470310376902,1470310378049,1147
DiscoverService,7,1470310378074,1470310378747,673
DiscoverService,8,1470310378769,1470310379956,1187
DiscoverService,9,1470310379974,1470310381469,1495
DiscoverService,10,1470310381525,1470310383476,1951
DiscoverService,11,1470310383496,1470310383955,459
DiscoverService,12,1470310383986,1470310384570,584
DiscoverService,13,1470310384595,1470310385036,441
DiscoverService,14,1470310385054,1470310385426,372
DiscoverService,15,1470310385442,1470310386986,1544
DiscoverService,16,1470310387002,1470310387440,438
DiscoverService,17,1470310387456,1470310387884,428
DiscoverService,18,1470310387929,1470310388385,456
DiscoverService,19,1470310388400,1470310388838,438
DiscoverService,20,1470310388860,1470310389342,482
DiscoverService,21,1470310389363,1470310389837,474
DiscoverService,22,1470310389851,1470310390861,1010
DiscoverService,23,1470310390892,1470310391357,465
DiscoverService,24,1470310391371,1470310391701,330
DiscoverService,25,1470310391723,1470310392199,476
DiscoverService,26,1470310392217,1470310392943,726
DiscoverService,27,1470310392961,1470310393789,828
DiscoverService,28,1470310393819,1470310394167,348
DiscoverService,29,1470310394198,1470310394805,607
DiscoverService,30,1470310394840,1470310395429,589
DiscoverService,31,1470310395479,1470310396050,571
DiscoverService,32,1470310396077,1470310397695,1618
DiscoverService,33,1470310397727,1470310398108,381
DiscoverService,34,1470310398127,1470310398603,476
DiscoverService,35,1470310398626,1470310399022,396
DiscoverService,36,1470310399040,1470310400456,1416
DiscoverService,37,1470310400494,1470310401688,1194
DiscoverService,38,1470310401709,1470310402545,836
DiscoverService,39,1470310402563,1470310403490,927
DiscoverService,40,1470310403514,1470310404516,1002
DiscoverService,41,1470310404537,1470310407177,2640
DiscoverService,42,1470310407208,1470310408259,1051
DiscoverService,43,1470310408285,1470310410414,2129
DiscoverService,44,1470310410450,1470310411490,1040
DiscoverService,45,1470310411545,1470310412356,811
DiscoverService,46,1470310412370,1470310413560,1190
DiscoverService,47,1470310413579,1470310414022,443
DiscoverService,48,1470310414039,1470310414659,620
DiscoverService,49,1470310414683,1470310415235,552
DiscoverService,50,1470310415262,1470310415879,617
DiscoverService,51,1470310415926,1470310416367,441
DiscoverService,52,1470310416397,1470310433916,17519
DiscoverService,53,1470310433950,1470310434374,424
DiscoverService,54,1470310434392,1470310435020,628
DiscoverService,55,1470310435041,1470310435042,1
DiscoverService,56,1470310435060,1470310436355,1295
DiscoverService,57,1470310436401,1470310437256,855
DiscoverService,58,1470310437283,1470310438220,937
DiscoverService,59,1470310438242,1470310439669,1427
DiscoverService,60,1470310439694,1470310440066,372
DiscoverService,61,1470310440088,1470310441643,1555
DiscoverService,62,1470310441664,1470310441665,1
DiscoverService,63,1470310441685,1470310442257,572
DiscoverService,64,1470310442281,1470310442659,378
DiscoverService,65,1470310442677,1470310443581,904
DiscoverService,66,1470310443603,1470310444108,505
DiscoverService,67,1470310444125,1470310444725,600
DiscoverService,68,1470310444776,1470310445219,443
DiscoverService,69,1470310445241,1470310446324,1083
DiscoverService,70,1470310446350,1470310446678,328
DiscoverService,71,1470310446695,1470310448151,1456
DiscoverService,72,1470310448178,1470310448596,418
DiscoverService,73,1470310448623,1470310449130,507
DiscoverService,74,1470310449157,1470310449721,564
DiscoverService,75,1470310449751,1470310450245,494
DiscoverService,76,1470310450277,1470310451136,859
DiscoverService,77,1470310451150,1470310451557,407
DiscoverService,78,1470310451571,1470310452134,563
DiscoverService,79,1470310452154,1470310453459,1305
DiscoverService,80,1470310453487,1470310454322,835
DiscoverService,81,1470310454354,1470310455560,1206
DiscoverService,82,1470310455584,1470310457107,1523
DiscoverService,83,1470310457140,1470310458748,1608
DiscoverService,84,1470310458768,1470310459135,367
DiscoverService,85,1470310459156,1470310459158,2
DiscoverService,86,1470310459178,1470310459631,453
DiscoverService,87,1470310459649,1470310460693,1044
DiscoverService,88,1470310460722,1470310461219,497
DiscoverService,89,1470310461272,1470310461798,526
DiscoverService,90,1470310461819,1470310462149,330
DiscoverService,91,1470310462170,1470310463208,1038
DiscoverService,92,1470310463231,1470310463670,439
DiscoverService,93,1470310463695,1470310464371,676
DiscoverService,94,1470310464398,1470310464809,411
DiscoverService,95,1470310464831,1470310465212,381
DiscoverService,96,1470310465243,1470310466685,1442
DiscoverService,97,1470310466721,1470310467163,442
DiscoverService,98,1470310467214,1470310467824,610
DiscoverService,99,1470310467847,1470310468915,1068
DiscoverService,100,1470310468936,1470310469851,915
DiscoverService,101,1470311012695,1470311014470,1775
DiscoverService,102,1470311014517,1470311014963,446
DiscoverService,103,1470311014983,1470311017471,2488
DiscoverService,104,1470311017539,1470311018177,638
DiscoverService,105,1470311018203,1470311018611,408
DiscoverService,106,1470311018632,1470311019136,504
DiscoverService,107,1470311019167,1470311019647,480
DiscoverService,108,1470311019690,1470311022889,3199
DiscoverService,109,1470311022915,1470311026738,3823
DiscoverService,110,1470311026773,1470311027337,564
DiscoverService,111,1470311027359,1470311027887,528
DiscoverService,112,1470311027904,1470311028390,486
DiscoverService,113,1470311028404,1470311028870,466
DiscoverService,114,1470311028900,1470311029382,482
DiscoverService,115,1470311029402,1470311030005,603
DiscoverService,116,1470311030022,1470311030488,466
DiscoverService,117,1470311030511,1470311031095,584
DiscoverService,118,1470311031140,1470311031626,486
DiscoverService,119,1470311031648,1470311032762,1114
DiscoverService,120,1470311032780,1470311033247,467
DiscoverService,121,1470311033296,1470311034556,1260
DiscoverService,122,1470311034606,1470311035357,751
DiscoverService,123,1470311035402,1470311036424,1022
DiscoverService,124,1470311036444,1470311037398,954
DiscoverService,125,1470311037419,1470311037846,427
DiscoverService,126,1470311037864,1470311038417,553
DiscoverService,127,1470311038441,1470311039179,738
DiscoverService,128,1470311039198,1470311039800,602
DiscoverService,129,1470311039848,1470311040919,1071
DiscoverService,130,1470311040936,1470311041376,440
DiscoverService,131,1470311041393,1470311041894,501
DiscoverService,132,1470311041916,1470311042512,596
DiscoverService,133,1470311042536,1470311043152,616
DiscoverService,134,1470311043185,1470311043680,495
DiscoverService,135,1470311043696,1470311045135,1439
DiscoverService,136,1470311045170,1470311047141,1971
DiscoverService,137,1470311047163,1470311048223,1060
DiscoverService,138,1470311048249,1470311048722,473
DiscoverService,139,1470311048760,1470311049344,584
DiscoverService,140,1470311049362,1470311049793,431
DiscoverService,141,1470311049815,1470311050293,478
DiscoverService,142,1470311050319,1470311050872,553
DiscoverService,143,1470311050897,1470311051381,484
DiscoverService,144,1470311051410,1470311051852,442
DiscoverService,145,1470311051874,1470311052754,880
DiscoverService,146,1470311052769,1470311054259,1490
DiscoverService,147,1470311054288,1470311054857,569
DiscoverService,148,1470311054877,1470311055902,1025
DiscoverService,149,1470311055916,1470311056467,551
DiscoverService,150,1470311056497,1470311057074,577
DiscoverService,151,1470311057094,1470311057501,407
DiscoverService,152,1470311057522,1470311058946,1424
DiscoverService,153,1470311058990,1470311059549,559
DiscoverService,154,1470311059592,1470311060686,1094
DiscoverService,155,1470311060733,1470311061113,380
DiscoverService,156,1470311061145,1470311061969,824
DiscoverService,157,1470311061991,1470311062876,885
DiscoverService,158,1470311062896,1470311065080,2184
DiscoverService,159,1470311065127,1470311066853,1726
DiscoverService,160,1470311066883,1470311067985,1102
DiscoverService,161,1470311068001,1470311068594,593
DiscoverService,162,1470311068614,1470311069126,512
DiscoverService,163,1470311069154,1470311069603,449
DiscoverService,164,1470311069636,1470311070636,1000
DiscoverService,165,1470311070669,1470311071526,857
DiscoverService,166,1470311071546,1470311072503,957
DiscoverService,167,1470311072523,1470311073628,1105
DiscoverService,168,1470311073668,1470311074289,621
DiscoverService,169,1470311074310,1470311074885,575
DiscoverService,170,1470311074899,1470311075410,511
DiscoverService,171,1470311075428,1470311075948,520
DiscoverService,172,1470311075979,1470311078767,2788
DiscoverService,173,1470311078780,1470311079294,514
DiscoverService,174,1470311079314,1470311079901,587
DiscoverService,175,1470311079915,1470311080779,864
DiscoverService,176,1470311080827,1470311081514,687
DiscoverService,177,1470311081544,1470311082137,593
DiscoverService,178,1470311082160,1470311083128,968
DiscoverService,179,1470311083154,1470311083696,542
DiscoverService,180,1470311083742,1470311084270,528
DiscoverService,181,1470311084316,1470311084940,624
DiscoverService,182,1470311084988,1470311087089,2101
DiscoverService,183,1470311087140,1470311087726,586
DiscoverService,184,1470311087761,1470311088173,412
DiscoverService,185,1470311088193,1470311088606,413
DiscoverService,186,1470311088624,1470311091741,3117
DiscoverService,187,1470311091770,1470311092846,1076
DiscoverService,188,1470311092866,1470311094119,1253
DiscoverService,189,1470311094156,1470311095087,931
DiscoverService,190,1470311095109,1470311095930,821
DiscoverService,191,1470311095952,1470311096492,540
DiscoverService,192,1470311096532,1470311096908,376
DiscoverService,193,1470311096941,1470311098364,1423
DiscoverService,194,1470311098395,1470311099900,1505
DiscoverService,195,1470311099920,1470311100887,967
DiscoverService,196,1470311100914,1470311102977,2063
DiscoverService,197,1470311103010,1470311103727,717
DiscoverService,198,1470311103751,1470311104228,477
DiscoverService,199,1470311104246,1470311104887,641
DiscoverService,200,1470311104913,1470311105533,620
DiscoverService,201,1470311199813,1470311200486,673
DiscoverService,202,1470311200560,1470311201039,479
DiscoverService,203,1470311201081,1470311202654,1573
DiscoverService,204,1470311202700,1470311204426,1726
DiscoverService,205,1470311204456,1470311206371,1915
DiscoverService,206,1470311206387,1470311206964,577
DiscoverService,207,1470311206983,1470311209363,2380
DiscoverService,208,1470311209392,1470311211012,1620
DiscoverService,209,1470311211040,1470311211425,385
DiscoverService,210,1470311211457,1470311211876,419
DiscoverService,211,1470311211904,1470311212337,433
DiscoverService,212,1470311212354,1470311213405,1051
DiscoverService,213,1470311213434,1470311213878,444
DiscoverService,214,1470311213893,1470311214467,574
DiscoverService,215,1470311214493,1470311215359,866
DiscoverService,216,1470311215374,1470311216241,867
DiscoverService,217,1470311216271,1470311216733,462
DiscoverService,218,1470311216750,1470311217357,607
DiscoverService,219,1470311217378,1470311218413,1035
DiscoverService,220,1470311218450,1470311218983,533
DiscoverService,221,1470311219004,1470311219462,458
DiscoverService,222,1470311219481,1470311219482,1
DiscoverService,223,1470311219498,1470311219984,486
DiscoverService,224,1470311220009,1470311256793,36784
DiscoverService,225,1470311256823,1470311257462,639
DiscoverService,226,1470311257490,1470311257994,504
DiscoverService,227,1470311258024,1470311258780,756
DiscoverService,228,1470311258809,1470311259609,800
DiscoverService,229,1470311259643,1470311260217,574
DiscoverService,230,1470311260237,1470311260837,600
DiscoverService,231,1470311260863,1470311261314,451
DiscoverService,232,1470311261333,1470311261774,441
DiscoverService,233,1470311261813,1470311262448,635
DiscoverService,234,1470311262466,1470311262880,414
DiscoverService,235,1470311262899,1470311263815,916
DiscoverService,236,1470311263835,1470311265125,1290
DiscoverService,237,1470311265155,1470311265575,420
DiscoverService,238,1470311265592,1470311266456,864
DiscoverService,239,1470311266473,1470311266893,420
DiscoverService,240,1470311266916,1470311268038,1122
DiscoverService,241,1470311268120,1470311269030,910
DiscoverService,242,1470311269059,1470311275294,6235
DiscoverService,243,1470311275342,1470311276375,1033
DiscoverService,244,1470311276393,1470311276859,466
DiscoverService,245,1470311276887,1470311277499,612
DiscoverService,246,1470311277532,1470311278528,996
DiscoverService,247,1470311278579,1470311281059,2480
DiscoverService,248,1470311281093,1470311281744,651
DiscoverService,249,1470311281760,1470311282254,494
DiscoverService,250,1470311282275,1470311282772,497
DiscoverService,251,1470311282790,1470311283439,649
DiscoverService,252,1470311283470,1470311284130,660
DiscoverService,253,1470311284149,1470311285405,1256
DiscoverService,254,1470311285425,1470311286077,652
DiscoverService,255,1470311286126,1470311286776,650
DiscoverService,256,1470311286804,1470311287294,490
DiscoverService,257,1470311287328,1470311288264,936
DiscoverService,258,1470311288311,1470311288783,472
DiscoverService,259,1470311288812,1470311291293,2481
DiscoverService,260,1470311291355,1470311292029,674
DiscoverService,261,1470311292043,1470311292503,460
DiscoverService,262,1470311292522,1470311293125,603
DiscoverService,263,1470311293139,1470311295664,2525
DiscoverService,264,1470311295702,1470311296318,616
DiscoverService,265,1470311296340,1470311296994,654
DiscoverService,266,1470311297015,1470311297462,447
DiscoverService,267,1470311297485,1470311297866,381
DiscoverService,268,1470311297904,1470311298379,475
DiscoverService,269,1470311298401,1470311298805,404
DiscoverService,270,1470311298828,1470311299639,811
DiscoverService,271,1470311299665,1470311300266,601
DiscoverService,272,1470311300316,1470311300756,440
DiscoverService,273,1470311300797,1470311301192,395
DiscoverService,274,1470311301206,1470311302482,1276
DiscoverService,275,1470311302502,1470311304254,1752
DiscoverService,276,1470311304319,1470311304709,390
DiscoverService,277,1470311304747,1470311305172,425
DiscoverService,278,1470311305193,1470311305655,462
DiscoverService,279,1470311305678,1470311306570,892
DiscoverService,280,1470311306625,1470311307194,569
DiscoverService,281,1470311307238,1470311307617,379
DiscoverService,282,1470311307648,1470311308516,868
DiscoverService,283,1470311308555,1470311309051,496
DiscoverService,284,1470311309079,1470311309716,637
DiscoverService,285,1470311309737,1470311310360,623
DiscoverService,286,1470311310377,1470311310941,564
DiscoverService,287,1470311310979,1470311311752,773
DiscoverService,288,1470311311773,1470311312077,304
DiscoverService,289,1470311312091,1470311312843,752
DiscoverService,290,1470311312864,1470311315435,2571
DiscoverService,291,1470311315478,1470311315865,387
DiscoverService,292,1470311315886,1470311316725,839
DiscoverService,293,1470311316746,1470311317830,1084
DiscoverService,294,1470311317864,1470311319216,1352
DiscoverService,295,1470311319262,1470311319631,369
DiscoverService,296,1470311319651,1470311320535,884
DiscoverService,297,1470311320554,1470311321261,707
DiscoverService,298,1470311321287,1470311321713,426
DiscoverService,299,1470311321740,1470311322068,328
DiscoverService,300,1470311322086,1470311324168,2082
DiscoverService,301,1470314759570,1470314761778,2208
DiscoverService,302,1470314761822,1470314763402,1580
DiscoverService,303,1470314763434,1470314767070,3636
DiscoverService,304,1470314767101,1470314768361,1260
DiscoverService,305,1470314768383,1470314769780,1397
DiscoverService,306,1470314769828,1470314771570,1742
DiscoverService,307,1470314771595,1470314774246,2651
DiscoverService,308,1470314774282,1470314774727,445
DiscoverService,309,1470314774773,1470314775780,1007
DiscoverService,310,1470314775797,1470314777581,1784
DiscoverService,311,1470314777615,1470314780191,2576
DiscoverService,312,1470314780226,1470314781239,1013
DiscoverService,313,1470314781298,1470314782298,1000
DiscoverService,314,1470314782317,1470314784208,1891
DiscoverService,315,1470314784254,1470314784265,11
DiscoverService,316,1470314784314,1470314822092,37778
DiscoverService,317,1470314822108,1470314823476,1368
DiscoverService,318,1470314823532,1470314823939,407
DiscoverService,319,1470314823960,1470314824778,818
DiscoverService,320,1470314824804,1470314826919,2115
DiscoverService,321,1470314826969,1470314827388,419
DiscoverService,322,1470314827420,1470314828448,1028
DiscoverService,323,1470314828463,1470314829722,1259
DiscoverService,324,1470314829753,1470314830331,578
DiscoverService,325,1470314830379,1470314831420,1041
DiscoverService,326,1470314831441,1470314832281,840
DiscoverService,327,1470314832297,1470314833140,843
DiscoverService,328,1470314833175,1470314834918,1743
DiscoverService,329,1470314834939,1470314836461,1522
DiscoverService,330,1470314836493,1470314837928,1435
DiscoverService,331,1470314837956,1470314838456,500
DiscoverService,332,1470314838489,1470314840765,2276
DiscoverService,333,1470314840803,1470314842804,2001
DiscoverService,334,1470314842825,1470314843973,1148
DiscoverService,335,1470314844009,1470314845795,1786
DiscoverService,336,1470314845819,1470314846359,540
DiscoverService,337,1470314846420,1470314848075,1655
DiscoverService,338,1470314848097,1470314849266,1169
DiscoverService,339,1470314849321,1470314849839,518
DiscoverService,340,1470314849856,1470314850393,537
DiscoverService,341,1470314850418,1470314851297,879
DiscoverService,342,1470314851319,1470314852151,832
DiscoverService,343,1470314852197,1470314854179,1982
DiscoverService,344,1470314854199,1470314856731,2532
DiscoverService,345,1470314856771,1470314857823,1052
DiscoverService,346,1470314857843,1470314860099,2256
DiscoverService,347,1470314860144,1470314860728,584
DiscoverService,348,1470314860757,1470314861210,453
DiscoverService,349,1470314861275,1470314861834,559
DiscoverService,350,1470314861854,1470314862843,989
DiscoverService,351,1470314862864,1470314864400,1536
DiscoverService,352,1470314864465,1470314865003,538
DiscoverService,353,1470314865025,1470314868170,3145
DiscoverService,354,1470314868225,1470314868746,521
DiscoverService,355,1470314868777,1470314869896,1119
DiscoverService,356,1470314869924,1470314870836,912
DiscoverService,357,1470314870863,1470314871797,934
DiscoverService,358,1470314871819,1470314873634,1815
DiscoverService,359,1470314873676,1470314874238,562
DiscoverService,360,1470314874269,1470314874821,552
DiscoverService,361,1470314874850,1470314875937,1087
DiscoverService,362,1470314875973,1470314877115,1142
DiscoverService,363,1470314877135,1470314878925,1790
DiscoverService,364,1470314878959,1470314881685,2726
DiscoverService,365,1470314881715,1470314882704,989
DiscoverService,366,1470314882769,1470314883782,1013
DiscoverService,367,1470314883803,1470314887358,3555
DiscoverService,368,1470314887403,1470314888160,757
DiscoverService,369,1470314888173,1470314889249,1076
DiscoverService,370,1470314889275,1470314890140,865
DiscoverService,371,1470314890174,1470314890747,573
DiscoverService,372,1470314890765,1470314892179,1414
DiscoverService,373,1470314892193,1470314892628,435
DiscoverService,374,1470314892659,1470314893502,843
DiscoverService,375,1470314893523,1470314896281,2758
DiscoverService,376,1470314896341,1470314896984,643
DiscoverService,377,1470314897012,1470314897499,487
DiscoverService,378,1470314897525,1470314899087,1562
DiscoverService,379,1470314899123,1470314900401,1278
DiscoverService,380,1470314900421,1470314901445,1024
DiscoverService,381,1470314901497,1470314901883,386
DiscoverService,382,1470314901897,1470314902436,539
DiscoverService,383,1470314902453,1470314903300,847
DiscoverService,384,1470314903320,1470314905796,2476
DiscoverService,385,1470314905830,1470314906583,753
DiscoverService,386,1470314906601,1470314910711,4110
DiscoverService,387,1470314910760,1470314911297,537
DiscoverService,388,1470314911316,1470314912337,1021
DiscoverService,389,1470314912352,1470314914360,2008
DiscoverService,390,1470314914392,1470314916266,1874
DiscoverService,391,1470314916283,1470314917229,946
DiscoverService,392,1470314917276,1470314919230,1954
DiscoverService,393,1470314919253,1470314920235,982
DiscoverService,394,1470314920273,1470314921556,1283
DiscoverService,395,1470314921576,1470314922650,1074
DiscoverService,396,1470314922697,1470314923728,1031
DiscoverService,397,1470312580825,1470312581633,808
DiscoverService,398,1470312581723,1470312582258,535
DiscoverService,399,1470312582352,1470312582780,428
DiscoverService,400,1470312582876,1470312584724,1848
DiscoverService,401,1470312584758,1470312585249,491
DiscoverService,402,1470312585275,1470312587404,2129
DiscoverService,403,1470312587426,1470312587972,546
DiscoverService,404,1470312587991,1470312589959,1968
DiscoverService,405,1470312589992,1470312590502,510
DiscoverService,406,1470312590541,1470312592097,1556
DiscoverService,407,1470312592110,1470312593265,1155
DiscoverService,408,1470312593289,1470312593951,662
DiscoverService,409,1470312593982,1470312596123,2141
DiscoverService,410,1470312596142,1470312596643,501
DiscoverService,411,1470312596674,1470312597635,961
DiscoverService,412,1470312597681,1470312598200,519
DiscoverService,413,1470312598225,1470312598798,573
DiscoverService,414,1470312598847,1470312599503,656
DiscoverService,415,1470312599522,1470312600801,1279
DiscoverService,416,1470312600820,1470312601446,626
DiscoverService,417,1470312601464,1470312602709,1245
DiscoverService,418,1470312602733,1470312603415,682
DiscoverService,419,1470312603460,1470312604044,584
DiscoverService,420,1470312604062,1470312605716,1654
DiscoverService,421,1470312605764,1470312606428,664
DiscoverService,422,1470312606442,1470312607352,910
DiscoverService,423,1470312607367,1470312608728,1361
DiscoverService,424,1470312608756,1470312609250,494
DiscoverService,425,1470312609271,1470312610356,1085
DiscoverService,426,1470312610397,1470312616084,5687
DiscoverService,427,1470312616125,1470312617234,1109
DiscoverService,428,1470312617261,1470312620809,3548
DiscoverService,429,1470312620845,1470312621376,531
DiscoverService,430,1470312621406,1470312621942,536
DiscoverService,431,1470312621962,1470312622450,488
DiscoverService,432,1470312622470,1470312623414,944
DiscoverService,433,1470312623435,1470312626121,2686
DiscoverService,434,1470312626182,1470312626912,730
DiscoverService,435,1470312626930,1470312628964,2034
DiscoverService,436,1470312628994,1470312629495,501
DiscoverService,437,1470312629529,1470312631428,1899
DiscoverService,438,1470312631476,1470312631955,479
DiscoverService,439,1470312631972,1470312632521,549
DiscoverService,440,1470312632539,1470312633674,1135
DiscoverService,441,1470312633710,1470312634826,1116
DiscoverService,442,1470312634845,1470312637361,2516
DiscoverService,443,1470312637423,1470312638961,1538
DiscoverService,444,1470312638980,1470312640089,1109
DiscoverService,445,1470312640121,1470312640980,859
DiscoverService,446,1470312641017,1470312642570,1553
DiscoverService,447,1470312642586,1470312643502,916
DiscoverService,448,1470312643542,1470312644587,1045
DiscoverService,449,1470312644614,1470312645164,550
DiscoverService,450,1470312645183,1470312645697,514
DiscoverService,451,1470312645718,1470312646764,1046
DiscoverService,452,1470312646796,1470312648747,1951
DiscoverService,453,1470312648761,1470312649308,547
DiscoverService,454,1470312649343,1470312650375,1032
DiscoverService,455,1470312650408,1470312653797,3389
DiscoverService,456,1470312653840,1470312654393,553
DiscoverService,457,1470312654430,1470312655726,1296
DiscoverService,458,1470312655744,1470312656630,886
DiscoverService,459,1470312656650,1470312657858,1208
DiscoverService,460,1470312657904,1470312658592,688
DiscoverService,461,1470312658609,1470312660366,1757
DiscoverService,462,1470312660381,1470312660782,401
DiscoverService,463,1470312660800,1470312661858,1058
DiscoverService,464,1470312661881,1470312662396,515
DiscoverService,465,1470312662430,1470312663514,1084
DiscoverService,466,1470312663539,1470312664398,859
DiscoverService,467,1470312664431,1470312665693,1262
DiscoverService,468,1470312665717,1470312668119,2402
DiscoverService,469,1470312668135,1470312669981,1846
DiscoverService,470,1470312670013,1470312670875,862
DiscoverService,471,1470312670908,1470312672414,1506
DiscoverService,472,1470312672435,1470312673403,968
DiscoverService,473,1470312673449,1470312674037,588
DiscoverService,474,1470312674051,1470312675118,1067
DiscoverService,475,1470312675138,1470312677011,1873
DiscoverService,476,1470312677044,1470312678143,1099
DiscoverService,477,1470312678163,1470312678984,821
DiscoverService,478,1470312679003,1470312680629,1626
DiscoverService,479,1470312680674,1470312681715,1041
DiscoverService,480,1470312681736,1470312682891,1155
DiscoverService,481,1470312682939,1470312683942,1003
DiscoverService,482,1470312683962,1470312685139,1177
DiscoverService,483,1470312685173,1470312686087,914
DiscoverService,484,1470312686103,1470312688120,2017
DiscoverService,485,1470312688191,1470312688695,504
DiscoverService,486,1470312688715,1470312691154,2439
DiscoverService,487,1470312691209,1470312691742,533
DiscoverService,488,1470312691763,1470312693068,1305
DiscoverService,489,1470312693088,1470312694180,1092
DiscoverService,490,1470312694206,1470312694924,718
DiscoverService,491,1470312694946,1470312695898,952
DiscoverService,492,1470312695912,1470312697121,1209
DiscoverService,493,1470312697142,1470312699534,2392
DiscoverService,494,1470312699570,1470312701212,1642
DiscoverService,495,1470312701240,1470312702610,1370
DiscoverService,496,1470312702629,1470312704328,1699
DiscoverService,497,1470312817474,1470312818510,1036
DiscoverService,498,1470312818553,1470312820064,1511
DiscoverService,499,1470312820094,1470312821669,1575
DiscoverService,500,1470312821691,1470312822471,780
DiscoverService,501,1470312822486,1470312822893,407
DiscoverService,502,1470312822916,1470312823448,532
DiscoverService,503,1470312823471,1470312823903,432
DiscoverService,504,1470312823922,1470312824393,471
DiscoverService,505,1470312824408,1470312825529,1121
DiscoverService,506,1470312825563,1470312826077,514
DiscoverService,507,1470312826091,1470312827476,1385
DiscoverService,508,1470312827493,1470312828445,952
DiscoverService,509,1470312828477,1470312829471,994
DiscoverService,510,1470312829510,1470312830165,655
DiscoverService,511,1470312830185,1470312830573,388
DiscoverService,512,1470312830589,1470312831107,518
DiscoverService,513,1470312831127,1470312832968,1841
DiscoverService,514,1470312832998,1470312834657,1659
DiscoverService,515,1470312834690,1470312836148,1458
DiscoverService,516,1470312836165,1470312837015,850
DiscoverService,517,1470312837052,1470312837869,817
DiscoverService,518,1470312837892,1470312839301,1409
DiscoverService,519,1470312839332,1470312842186,2854
DiscoverService,520,1470312842234,1470312844586,2352
DiscoverService,521,1470312844607,1470312845535,928
DiscoverService,522,1470312845554,1470312845961,407
DiscoverService,523,1470312845977,1470312846850,873
DiscoverService,524,1470312846867,1470312847919,1052
DiscoverService,525,1470312847940,1470312849175,1235
DiscoverService,526,1470312849190,1470312851088,1898
DiscoverService,527,1470312851114,1470312852511,1397
DiscoverService,528,1470312852600,1470312853883,1283
DiscoverService,529,1470312853903,1470312854374,471
DiscoverService,530,1470312854392,1470312860174,5782
DiscoverService,531,1470312860204,1470312860926,722
DiscoverService,532,1470312860958,1470312862185,1227
DiscoverService,533,1470312862201,1470312862953,752
DiscoverService,534,1470312862971,1470312864518,1547
DiscoverService,535,1470312864563,1470312866767,2204
DiscoverService,536,1470312866818,1470312867346,528
DiscoverService,537,1470312867376,1470312868581,1205
DiscoverService,538,1470312868612,1470312871022,2410
DiscoverService,539,1470312871053,1470312872346,1293
DiscoverService,540,1470312872365,1470312873869,1504
DiscoverService,541,1470312873903,1470312874797,894
DiscoverService,542,1470312874834,1470312875956,1122
DiscoverService,543,1470312875977,1470312877218,1241
DiscoverService,544,1470312877252,1470312878006,754
DiscoverService,545,1470312878037,1470312878605,568
DiscoverService,546,1470312878643,1470312879774,1131
DiscoverService,547,1470312879792,1470312881313,1521
DiscoverService,548,1470312881356,1470312881962,606
DiscoverService,549,1470312881992,1470312882970,978
DiscoverService,550,1470312882991,1470312885984,2993
DiscoverService,551,1470312886033,1470312886623,590
DiscoverService,552,1470312886656,1470312887818,1162
DiscoverService,553,1470312887834,1470312888781,947
DiscoverService,554,1470312888822,1470312890103,1281
DiscoverService,555,1470312890131,1470312890807,676
DiscoverService,556,1470312890827,1470312891384,557
DiscoverService,557,1470312891421,1470312892639,1218
DiscoverService,558,1470312892668,1470312893402,734
DiscoverService,559,1470312893422,1470312895571,2149
DiscoverService,560,1470312895596,1470312896333,737
DiscoverService,561,1470312896380,1470312896912,532
DiscoverService,562,1470312896933,1470312900848,3915
DiscoverService,563,1470312900871,1470312902538,1667
DiscoverService,564,1470312902599,1470312903207,608
DiscoverService,565,1470312903224,1470312906002,2778
DiscoverService,566,1470312906033,1470312907169,1136
DiscoverService,567,1470312907192,1470312907921,729
DiscoverService,568,1470312907971,1470312908549,578
DiscoverService,569,1470312908573,1470312911083,2510
DiscoverService,570,1470312911138,1470312911870,732
DiscoverService,571,1470312911901,1470312912436,535
DiscoverService,572,1470312912461,1470312914204,1743
DiscoverService,573,1470312914243,1470312914715,472
DiscoverService,574,1470312914749,1470312916577,1828
DiscoverService,575,1470312916597,1470312917245,648
DiscoverService,576,1470312917291,1470312918018,727
DiscoverService,577,1470312918040,1470312918617,577
DiscoverService,578,1470312918631,1470312919985,1354
DiscoverService,579,1470312920018,1470312920535,517
DiscoverService,580,1470312920556,1470312921625,1069
DiscoverService,581,1470312921644,1470312927350,5706
DiscoverService,582,1470312927401,1470312927957,556
DiscoverService,583,1470312927987,1470312930392,2405
DiscoverService,584,1470312930433,1470312930983,550
DiscoverService,585,1470312931020,1470312931953,933
DiscoverService,586,1470312931990,1470312932975,985
DiscoverService,587,1470312932996,1470312934280,1284
DiscoverService,588,1470312934328,1470312934913,585
DiscoverService,589,1470312934948,1470312937923,2975
DiscoverService,590,1470312937960,1470312938616,656
DiscoverService,591,1470312938654,1470312939308,654
DiscoverService,592,1470312939354,1470312940030,676
DiscoverService,593,1470312940052,1470312940688,636
DiscoverService,594,1470312940707,1470312943704,2997
DiscoverService,595,1470312943760,1470312944408,648
DiscoverService,596,1470312944430,1470312945176,746
DiscoverService,597,1470313056292,1470313057200,908
DiscoverService,598,1470313057230,1470313059942,2712
DiscoverService,599,1470313059974,1470313061852,1878
DiscoverService,600,1470313061887,1470313064146,2259
DiscoverService,601,1470313064199,1470313064943,744
DiscoverService,602,1470313064957,1470313066175,1218
DiscoverService,603,1470313066196,1470313068173,1977
DiscoverService,604,1470313068190,1470313069235,1045
DiscoverService,605,1470313069263,1470313071160,1897
DiscoverService,606,1470313071199,1470313071687,488
DiscoverService,607,1470313071701,1470313072648,947
DiscoverService,608,1470313072671,1470313074651,1980
DiscoverService,609,1470313074709,1470313075323,614
DiscoverService,610,1470313075348,1470313076714,1366
DiscoverService,611,1470313076737,1470313077285,548
DiscoverService,612,1470313077323,1470313077825,502
DiscoverService,613,1470313077845,1470313081368,3523
DiscoverService,614,1470313081383,1470313084184,2801
DiscoverService,615,1470313084218,1470313085727,1509
DiscoverService,616,1470313085742,1470313086346,604
DiscoverService,617,1470313086376,1470313087624,1248
DiscoverService,618,1470313087649,1470313088395,746
DiscoverService,619,1470313088418,1470313089062,644
DiscoverService,620,1470313089096,1470313089604,508
DiscoverService,621,1470313089633,1470313091061,1428
DiscoverService,622,1470313091086,1470313091629,543
DiscoverService,623,1470313091659,1470313092243,584
DiscoverService,624,1470313092277,1470313093235,958
DiscoverService,625,1470313093257,1470313094281,1024
DiscoverService,626,1470313094312,1470313095867,1555
DiscoverService,627,1470313095898,1470313097787,1889
DiscoverService,628,1470313097802,1470313099401,1599
DiscoverService,629,1470313099436,1470313100387,951
DiscoverService,630,1470313100410,1470313101590,1180
DiscoverService,631,1470313101624,1470313102174,550
DiscoverService,632,1470313102189,1470313106750,4561
DiscoverService,633,1470313106764,1470313107619,855
DiscoverService,634,1470313107640,1470313110260,2620
DiscoverService,635,1470313110297,1470313112902,2605
DiscoverService,636,1470313112948,1470313113803,855
DiscoverService,637,1470313113831,1470313115446,1615
DiscoverService,638,1470313115487,1470313116230,743
DiscoverService,639,1470313116275,1470313116801,526
DiscoverService,640,1470313116833,1470313119201,2368
DiscoverService,641,1470313119254,1470313119859,605
DiscoverService,642,1470313119887,1470313121995,2108
DiscoverService,643,1470313122036,1470313122922,886
DiscoverService,644,1470313122942,1470313124720,1778
DiscoverService,645,1470313124766,1470313125347,581
DiscoverService,646,1470313125376,1470313126451,1075
DiscoverService,647,1470313126479,1470313127629,1150
DiscoverService,648,1470313127650,1470313128846,1196
DiscoverService,649,1470313128875,1470313129424,549
DiscoverService,650,1470313129465,1470313130043,578
DiscoverService,651,1470313130060,1470313130608,548
DiscoverService,652,1470313130627,1470313131614,987
DiscoverService,653,1470313131645,1470313132627,982
DiscoverService,654,1470313132643,1470313134298,1655
DiscoverService,655,1470313134347,1470313134921,574
DiscoverService,656,1470313134944,1470313136132,1188
DiscoverService,657,1470313136165,1470313136793,628
DiscoverService,658,1470313136831,1470313137442,611
DiscoverService,659,1470313137481,1470313138566,1085
DiscoverService,660,1470313138580,1470313141218,2638
DiscoverService,661,1470313141234,1470313143901,2667
DiscoverService,662,1470313143940,1470313144547,607
DiscoverService,663,1470313144602,1470313146456,1854
DiscoverService,664,1470313146486,1470313147091,605
DiscoverService,665,1470313147107,1470313148495,1388
DiscoverService,666,1470313148511,1470313149644,1133
DiscoverService,667,1470313149677,1470313151520,1843
DiscoverService,668,1470313151556,1470313152142,586
DiscoverService,669,1470313152177,1470313152669,492
DiscoverService,670,1470313152694,1470313152703,9
DiscoverService,671,1470313152727,1470313154601,1874
DiscoverService,672,1470313154637,1470313157090,2453
DiscoverService,673,1470313157143,1470313157854,711
DiscoverService,674,1470313157873,1470313158412,539
DiscoverService,675,1470313158432,1470313158941,509
DiscoverService,676,1470313158958,1470313160060,1102
DiscoverService,677,1470313160096,1470313161318,1222
DiscoverService,678,1470313161369,1470313162069,700
DiscoverService,679,1470313162140,1470313162613,473
DiscoverService,680,1470313162631,1470313163682,1051
DiscoverService,681,1470313163700,1470313164949,1249
DiscoverService,682,1470313164998,1470313165703,705
DiscoverService,683,1470313165717,1470313166296,579
DiscoverService,684,1470313166318,1470313167535,1217
DiscoverService,685,1470313167566,1470313168160,594
DiscoverService,686,1470313168196,1470313168741,545
DiscoverService,687,1470313168764,1470313168765,1
DiscoverService,688,1470313168787,1470313170655,1868
DiscoverService,689,1470313170688,1470313172482,1794
DiscoverService,690,1470313172503,1470313173225,722
DiscoverService,691,1470313173298,1470313175078,1780
DiscoverService,692,1470313175096,1470313176839,1743
DiscoverService,693,1470313176875,1470313178557,1682
DiscoverService,694,1470313178579,1470313180157,1578
DiscoverService,695,1470313180188,1470313180800,612
DiscoverService,696,1470313180844,1470313182990,2146
DiscoverService,697,1470313596003,1470313599809,3806
DiscoverService,698,1470313599886,1470313600486,600
DiscoverService,699,1470313600515,1470313601773,1258
DiscoverService,700,1470313601790,1470313602426,636
DiscoverService,701,1470313602447,1470313603112,665
DiscoverService,702,1470313603143,1470313604074,931
DiscoverService,703,1470313604094,1470313605685,1591
DiscoverService,704,1470313605702,1470313606319,617
DiscoverService,705,1470313606360,1470313606962,602
DiscoverService,706,1470313606982,1470313607580,598
DiscoverService,707,1470313607600,1470313608151,551
DiscoverService,708,1470313608172,1470313609722,1550
DiscoverService,709,1470313609759,1470313610238,479
DiscoverService,710,1470313610276,1470313611251,975
DiscoverService,711,1470313611271,1470313612285,1014
DiscoverService,712,1470313612306,1470313612307,1
DiscoverService,713,1470313612332,1470313613585,1253
DiscoverService,714,1470313613626,1470313614229,603
DiscoverService,715,1470313614251,1470313616926,2675
DiscoverService,716,1470313616975,1470313617678,703
DiscoverService,717,1470313617723,1470313618323,600
DiscoverService,718,1470313618344,1470313620175,1831
DiscoverService,719,1470313620193,1470313621096,903
DiscoverService,720,1470313621113,1470313622389,1276
DiscoverService,721,1470313622437,1470313622974,537
DiscoverService,722,1470313623003,1470313625268,2265
DiscoverService,723,1470313625316,1470313625779,463
DiscoverService,724,1470313625800,1470313630278,4478
DiscoverService,725,1470313630315,1470313632812,2497
DiscoverService,726,1470313632848,1470313633376,528
DiscoverService,727,1470313633416,1470313634544,1128
DiscoverService,728,1470313634563,1470313635123,560
DiscoverService,729,1470313635146,1470313636173,1027
DiscoverService,730,1470313636200,1470313637575,1375
DiscoverService,731,1470313637593,1470313638577,984
DiscoverService,732,1470313638607,1470313638624,17
DiscoverService,733,1470313638673,1470313640443,1770
DiscoverService,734,1470313640465,1470313641471,1006
DiscoverService,735,1470313641524,1470313642393,869
DiscoverService,736,1470313642414,1470313643781,1367
DiscoverService,737,1470313643830,1470313645900,2070
DiscoverService,738,1470313645949,1470313646647,698
DiscoverService,739,1470313646682,1470313647305,623
DiscoverService,740,1470313647330,1470313647993,663
DiscoverService,741,1470313648020,1470313649920,1900
DiscoverService,742,1470313649949,1470313651303,1354
DiscoverService,743,1470313651356,1470313652577,1221
DiscoverService,744,1470313652598,1470313655283,2685
DiscoverService,745,1470313655320,1470313656435,1115
DiscoverService,746,1470313656454,1470313657681,1227
DiscoverService,747,1470313657709,1470313658247,538
DiscoverService,748,1470313658277,1470313659623,1346
DiscoverService,749,1470313659644,1470313662023,2379
DiscoverService,750,1470313662053,1470313662674,621
DiscoverService,751,1470313662696,1470313664104,1408
DiscoverService,752,1470313664138,1470313665416,1278
DiscoverService,753,1470313665432,1470313666174,742
DiscoverService,754,1470313666200,1470313666778,578
DiscoverService,755,1470313666814,1470313670481,3667
DiscoverService,756,1470313670532,1470313671211,679
DiscoverService,757,1470313671231,1470313671953,722
DiscoverService,758,1470313671973,1470313672664,691
DiscoverService,759,1470313672709,1470313674468,1759
DiscoverService,760,1470313674497,1470313675068,571
DiscoverService,761,1470313675093,1470313676966,1873
DiscoverService,762,1470313676984,1470313676985,1
DiscoverService,763,1470313677002,1470313678641,1639
DiscoverService,764,1470313678673,1470313679285,612
DiscoverService,765,1470313679332,1470313680687,1355
DiscoverService,766,1470313680712,1470313681910,1198
DiscoverService,767,1470313681940,1470313682536,596
DiscoverService,768,1470313682561,1470313683494,933
DiscoverService,769,1470313683512,1470313683512,0
DiscoverService,770,1470313683531,1470313686699,3168
DiscoverService,771,1470313686733,1470313688302,1569
DiscoverService,772,1470313688323,1470313689382,1059
DiscoverService,773,1470313689428,1470313689441,13
DiscoverService,774,1470313689487,1470313690175,688
DiscoverService,775,1470313690196,1470313690692,496
DiscoverService,776,1470313690708,1470313692835,2127
DiscoverService,777,1470313692872,1470313695690,2818
DiscoverService,778,1470313695729,1470313696256,527
DiscoverService,779,1470313696271,1470313697207,936
DiscoverService,780,1470313697230,1470313698100,870
DiscoverService,781,1470313698136,1470313698828,692
DiscoverService,782,1470313698860,1470313699432,572
DiscoverService,783,1470313699466,1470313702983,3517
DiscoverService,784,1470313703038,1470313703051,13
DiscoverService,785,1470313703089,1470313703514,425
DiscoverService,786,1470313703537,1470313704066,529
DiscoverService,787,1470313704087,1470313709308,5221
DiscoverService,788,1470313709353,1470313709852,499
DiscoverService,789,1470313709896,1470313710975,1079
DiscoverService,790,1470313710992,1470313711520,528
DiscoverService,791,1470313711539,1470313712100,561
DiscoverService,792,1470313712128,1470313712608,480
DiscoverService,793,1470313712628,1470313713142,514
DiscoverService,794,1470313713165,1470313713662,497
DiscoverService,795,1470313713683,1470313714180,497
DiscoverService,796,1470313714209,1470313716640,2431
DiscoverService,797,1470313909902,1470313912964,3062
DiscoverService,798,1470313913033,1470313915083,2050
DiscoverService,799,1470313915135,1470313915777,642
DiscoverService,800,1470313915805,1470313917679,1874
DiscoverService,801,1470313917712,1470313919695,1983
DiscoverService,802,1470313919724,1470313923234,3510
DiscoverService,803,1470313923276,1470313925479,2203
DiscoverService,804,1470313925507,1470313927700,2193
DiscoverService,805,1470313927746,1470313928330,584
DiscoverService,806,1470313928359,1470313932428,4069
DiscoverService,807,1470313932463,1470313933867,1404
DiscoverService,808,1470313933889,1470313934964,1075
DiscoverService,809,1470313935008,1470313935734,726
DiscoverService,810,1470313935769,1470313936345,576
DiscoverService,811,1470313936380,1470313937952,1572
DiscoverService,812,1470313937970,1470313939232,1262
DiscoverService,813,1470313939284,1470313939972,688
DiscoverService,814,1470313940013,1470313940767,754
DiscoverService,815,1470313940812,1470313941359,547
DiscoverService,816,1470313941377,1470313941896,519
DiscoverService,817,1470313941914,1470313945297,3383
DiscoverService,818,1470313945334,1470313947374,2040
DiscoverService,819,1470313947399,1470313949224,1825
DiscoverService,820,1470313949255,1470313949974,719
DiscoverService,821,1470313949995,1470313950738,743
DiscoverService,822,1470313950757,1470313950758,1
DiscoverService,823,1470313950777,1470313951432,655
DiscoverService,824,1470313951479,1470313953928,2449
DiscoverService,825,1470313953982,1470313955016,1034
DiscoverService,826,1470313955084,1470313955532,448
DiscoverService,827,1470313955553,1470313956424,871
DiscoverService,828,1470313956450,1470313957856,1406
DiscoverService,829,1470313957887,1470313960502,2615
DiscoverService,830,1470313960549,1470313961127,578
DiscoverService,831,1470313961159,1470313962496,1337
DiscoverService,832,1470313962515,1470313964397,1882
DiscoverService,833,1470313964441,1470313965446,1005
DiscoverService,834,1470313965466,1470313967821,2355
DiscoverService,835,1470313967890,1470313968446,556
DiscoverService,836,1470313968467,1470313969769,1302
DiscoverService,837,1470313969801,1470313970871,1070
DiscoverService,838,1470313970898,1470313972852,1954
DiscoverService,839,1470313972877,1470313973489,612
DiscoverService,840,1470313973529,1470313974057,528
DiscoverService,841,1470313974077,1470313974078,1
DiscoverService,842,1470313974095,1470313975577,1482
DiscoverService,843,1470313975597,1470313976528,931
DiscoverService,844,1470313976549,1470313979321,2772
DiscoverService,845,1470313979335,1470313980429,1094
DiscoverService,846,1470313980450,1470313984095,3645
DiscoverService,847,1470313984130,1470313987489,3359
DiscoverService,848,1470313987540,1470313988139,599
DiscoverService,849,1470313988159,1470313989498,1339
DiscoverService,850,1470313989518,1470313991135,1617
DiscoverService,851,1470313991165,1470313991864,699
DiscoverService,852,1470313991921,1470313995272,3351
DiscoverService,853,1470313995314,1470313996700,1386
DiscoverService,854,1470313996724,1470313997293,569
DiscoverService,855,1470313997308,1470313998237,929
DiscoverService,856,1470313998257,1470313999331,1074
DiscoverService,857,1470313999377,1470314000032,655
DiscoverService,858,1470314000051,1470314000559,508
DiscoverService,859,1470314000573,1470314002679,2106
DiscoverService,860,1470314002708,1470314003985,1277
DiscoverService,861,1470314004037,1470314004625,588
DiscoverService,862,1470314004645,1470314005167,522
DiscoverService,863,1470314005184,1470314007091,1907
DiscoverService,864,1470314007120,1470314008280,1160
DiscoverService,865,1470314008299,1470314009364,1065
DiscoverService,866,1470314009429,1470314010051,622
DiscoverService,867,1470314010072,1470314012028,1956
DiscoverService,868,1470314012069,1470314012643,574
DiscoverService,869,1470314012670,1470314013766,1096
DiscoverService,870,1470314013786,1470314015708,1922
DiscoverService,871,1470314015756,1470314016487,731
DiscoverService,872,1470314016507,1470314017207,700
DiscoverService,873,1470314017230,1470314017920,690
DiscoverService,874,1470314017958,1470314018995,1037
DiscoverService,875,1470314019011,1470314021286,2275
DiscoverService,876,1470314021319,1470314024491,3172
DiscoverService,877,1470314024522,1470314025332,810
DiscoverService,878,1470314025353,1470314026772,1419
DiscoverService,879,1470314026804,1470314029782,2978
DiscoverService,880,1470314029835,1470314030717,882
DiscoverService,881,1470314030739,1470314032401,1662
DiscoverService,882,1470314032434,1470314035164,2730
DiscoverService,883,1470314035211,1470314036060,849
DiscoverService,884,1470314036081,1470314037508,1427
DiscoverService,885,1470314037539,1470314038955,1416
DiscoverService,886,1470314038975,1470314039829,854
DiscoverService,887,1470314039863,1470314041364,1501
DiscoverService,888,1470314041389,1470314041942,553
DiscoverService,889,1470314041986,1470314042502,516
DiscoverService,890,1470314042521,1470314044107,1586
DiscoverService,891,1470314044132,1470314047968,3836
DiscoverService,892,1470314047998,1470314051967,3969
DiscoverService,893,1470314052014,1470314052576,562
DiscoverService,894,1470314052606,1470314053640,1034
DiscoverService,895,1470314053661,1470314054231,570
DiscoverService,896,1470314054259,1470314054792,533
DiscoverService,897,1470314209045,1470314211137,2092
DiscoverService,898,1470314211164,1470314215596,4432
DiscoverService,899,1470314215627,1470314216233,606
DiscoverService,900,1470314216271,1470314216825,554
DiscoverService,901,1470314216856,1470314217780,924
DiscoverService,902,1470314217795,1470314219554,1759
DiscoverService,903,1470314219604,1470314220881,1277
DiscoverService,904,1470314220901,1470314222680,1779
DiscoverService,905,1470314222725,1470314224095,1370
DiscoverService,906,1470314224130,1470314226450,2320
DiscoverService,907,1470314226495,1470314229974,3479
DiscoverService,908,1470314230040,1470314230637,597
DiscoverService,909,1470314230658,1470314232644,1986
DiscoverService,910,1470314232684,1470314235356,2672
DiscoverService,911,1470314235386,1470314236668,1282
DiscoverService,912,1470314236687,1470314238656,1969
DiscoverService,913,1470314238674,1470314240971,2297
DiscoverService,914,1470314241005,1470314242603,1598
DiscoverService,915,1470314242640,1470314243446,806
DiscoverService,916,1470314243464,1470314244610,1146
DiscoverService,917,1470314244627,1470314245242,615
DiscoverService,918,1470314245270,1470314246281,1011
DiscoverService,919,1470314246303,1470314247275,972
DiscoverService,920,1470314247295,1470314248332,1037
DiscoverService,921,1470314248356,1470314249026,670
DiscoverService,922,1470314249048,1470314251579,2531
DiscoverService,923,1470314251606,1470314252290,684
DiscoverService,924,1470314252323,1470314257023,4700
DiscoverService,925,1470314257065,1470314257077,12
DiscoverService,926,1470314257131,1470314257795,664
DiscoverService,927,1470314257810,1470314258435,625
DiscoverService,928,1470314258448,1470314258990,542
DiscoverService,929,1470314259008,1470314260343,1335
DiscoverService,930,1470314260379,1470314262476,2097
DiscoverService,931,1470314262524,1470314263108,584
DiscoverService,932,1470314263137,1470314263711,574
DiscoverService,933,1470314263741,1470314264173,432
DiscoverService,934,1470314264193,1470314264686,493
DiscoverService,935,1470314264702,1470314265241,539
DiscoverService,936,1470314265256,1470314265780,524
DiscoverService,937,1470314265803,1470314269494,3691
DiscoverService,938,1470314269512,1470314271641,2129
DiscoverService,939,1470314271669,1470314273006,1337
DiscoverService,940,1470314273027,1470314273511,484
DiscoverService,941,1470314273529,1470314274492,963
DiscoverService,942,1470314274524,1470314275597,1073
DiscoverService,943,1470314275624,1470314276326,702
DiscoverService,944,1470314276354,1470314277950,1596
DiscoverService,945,1470314277999,1470314278598,599
DiscoverService,946,1470314278634,1470314280263,1629
DiscoverService,947,1470314280299,1470314280992,693
DiscoverService,948,1470314281044,1470314281778,734
DiscoverService,949,1470314281792,1470314282739,947
DiscoverService,950,1470314282763,1470314283815,1052
DiscoverService,951,1470314283850,1470314285316,1466
DiscoverService,952,1470314285335,1470314286597,1262
DiscoverService,953,1470314286637,1470314287620,983
DiscoverService,954,1470314287634,1470314289523,1889
DiscoverService,955,1470314289553,1470314289564,11
DiscoverService,956,1470314289615,1470314290013,398
DiscoverService,957,1470314290035,1470314290502,467
DiscoverService,958,1470314290522,1470314291877,1355
DiscoverService,959,1470314291912,1470314292604,692
DiscoverService,960,1470314292623,1470314293751,1128
DiscoverService,961,1470314293806,1470314294262,456
DiscoverService,962,1470314294284,1470314295060,776
DiscoverService,963,1470314295086,1470314296099,1013
DiscoverService,964,1470314296129,1470314298017,1888
DiscoverService,965,1470314298033,1470314300758,2725
DiscoverService,966,1470314300806,1470314300816,10
DiscoverService,967,1470314300865,1470314301398,533
DiscoverService,968,1470314301415,1470314301973,558
DiscoverService,969,1470314301994,1470314302532,538
DiscoverService,970,1470314302551,1470314303517,966
DiscoverService,971,1470314303547,1470314308205,4658
DiscoverService,972,1470314308240,1470314309213,973
DiscoverService,973,1470314309229,1470314312906,3677
DiscoverService,974,1470314312937,1470314313999,1062
DiscoverService,975,1470314314032,1470314314975,943
DiscoverService,976,1470314315000,1470314319050,4050
DiscoverService,977,1470314319088,1470314319723,635
DiscoverService,978,1470314319737,1470314320249,512
DiscoverService,979,1470314320270,1470314321215,945
DiscoverService,980,1470314321257,1470314322285,1028
DiscoverService,981,1470314322299,1470314324491,2192
DiscoverService,982,1470314324531,1470314326381,1850
DiscoverService,983,1470314326419,1470314327641,1222
DiscoverService,984,1470314327660,1470314329121,1461
DiscoverService,985,1470314329147,1470314329702,555
DiscoverService,986,1470314329725,1470314330304,579
DiscoverService,987,1470314330332,1470314331360,1028
DiscoverService,988,1470314331390,1470314335246,3856
DiscoverService,989,1470314335292,1470314339756,4464
DiscoverService,990,1470314339800,1470314340308,508
DiscoverService,991,1470314340329,1470314341441,1112
DiscoverService,992,1470314341460,1470314342342,882
DiscoverService,993,1470314342376,1470314345628,3252
DiscoverService,994,1470314345657,1470314348631,2974
DiscoverService,995,1470314348661,1470314350089,1428
DiscoverService,996,1470314350113,1470314350699,586
DiscoverService,997,1470315108747,1470315109381,634
DiscoverService,998,1470315109404,1470315110191,787
DiscoverService,999,1470315110209,1470315112567,2358
DiscoverService,1000,1470315112604,1470315113996,1392
