step,start,end
DiscoverService,1467306642392,1467306643883
DiscoverService,1467306647096,1467306648684
DiscoverService,1467306649931,1467306650038
DiscoverService,1467306651356,1467306652326
DiscoverService,1467306653329,1467306654510
DiscoverService,1467306655552,1467306656741
DiscoverService,1467306657815,1467306658794
DiscoverService,1467306659832,1467306661021
DiscoverService,1467306661351,1467306662815
DiscoverService,1467306664397,1467306666008
DiscoverService,1467306667078,1467306668527
DiscoverService,1467306669531,1467306671007
DiscoverService,1467306672099,1467306673591
DiscoverService,1467306674705,1467306676187
DiscoverService,1467306677357,1467306678839
DiscoverService,1467306679965,1467306681524
DiscoverService,1467306682753,1467306683114
DiscoverService,1467306684354,1467306685008
DiscoverService,1467306686051,1467306687317
DiscoverService,1467306689005,1467306689346
DiscoverService,1467306691676,1467306693204
DiscoverService,1467306694404,1467306695912
DiscoverService,1467306696936,1467306698448
DiscoverService,1467306699417,1467306700899
DiscoverService,1467306704470,1467306706146
DiscoverService,1467306707359,1467306708869
DiscoverService,1467306710023,1467306711470
DiscoverService,1467306712651,1467306714105
DiscoverService,1467306755032,1467306756543
DiscoverService,1467314116570,1467314263751
DiscoverService,1467314263762,1467314265284
DiscoverService,1467314265293,1467314266799
DiscoverService,1467314266811,1467314268373
DiscoverService,1467314268388,1467314269911
DiscoverService,1467314269917,1467314271471
DiscoverService,1467314271479,1467314273095
DiscoverService,1467314273106,1467314274622
DiscoverService,1467314274628,1467314276232
DiscoverService,1467314276240,1467314277901
DiscoverService,1467314277909,1467314279546
DiscoverService,1467314279565,1467314281157
DiscoverService,1467314281174,1467314282694
DiscoverService,1467314282702,1467314284373
DiscoverService,1467314284389,1467314285940
DiscoverService,1467314285946,1467314287549
DiscoverService,1467316608568,1467316610217
DiscoverService,1467316610233,1467316611791
DiscoverService,1467316611803,1467316613266
DiscoverService,1467316613273,1467316614814
DiscoverService,1467316614830,1467316616367
DiscoverService,1467316616381,1467316617858
DiscoverService,1467316617872,1467316619716
DiscoverService,1467316619725,1467316621268
DiscoverService,1467316621284,1467316722786
DiscoverService,1467316722802,1467316724312
DiscoverService,1467316724330,1467316725943
DiscoverService,1467316725950,1467316727428
DiscoverService,1467316727435,1467316729032
